building_ID,CVRMSE,NRMSE,MAE,Avg_Test_Loss
umar_UMAR,0.5106042240251576,51.06042387872429,3.0371187,0.8098684143839227
