building_ID,CVRMSE,NRMSE,MAE,Avg_Test_Loss
umar_UMAR,0.6470587997500922,64.7058796849879,4.4232717,0.7814562434725786
